贴吧名称,贴吧地址,回复条数,帖子地址,帖子主题,帖子作者,作者id,作者首页地址,帖子创建时间,贴子内容,帖子最近回复人,帖子最近回复人首页地址,帖子最后回复时间
摄影吧,https://tieba.baidu.com/f?ie=utf-8&kw=%E6%91%84%E5%BD%B1%E5%90%A7,14,https://tieba.baidu.com/p/7100198124,学了大半年的摄影,王小布✨,1336757808,https://tieba.baidu.com/home/main/?un=Amani%E7%8E%8B%E5%B0%8F%E5%B8%83&ie=utf-8&id=tb.1.7c9b9320.DDEwOhHRhUyHnpQ_KN-1qg&fr=frs,2020-11-20 02:27,nan,碳纖維鋼化包子,https://tieba.baidu.com/home/main/?un=%E7%A2%B3%E7%BA%96%E7%B6%AD%E9%8B%BC%E5%8C%96%E5%8C%85%E5%AD%90&ie=utf-8&id=tb.1.75f66c42.KpOco9HxnTpYIgz3IPuwVQ&fr=frs,2020-11-20 22:44
摄影吧,https://tieba.baidu.com/f?ie=utf-8&kw=%E6%91%84%E5%BD%B1%E5%90%A7,7,https://tieba.baidu.com/p/6971682034,佳能eos rp，采用的电子取景器，话说用闪光灯棚拍的时候咋,无y所w谓,2648795811,https://tieba.baidu.com/home/main/?un=%E6%97%A0y%E6%89%80w%E8%B0%93&ie=utf-8&id=tb.1.1db6b0e8.x9S7UyeS2JGEnP_Pl4ju-A&fr=frs,9-21,nan,诗炎浩然,https://tieba.baidu.com/home/main/?un=%E8%AF%97%E7%82%8E%E6%B5%A9%E7%84%B6&ie=utf-8&id=tb.1.93d9d32c.gHQrtkAW_gQN0BR0wE0grA&fr=frs,2020-11-20 22:41
摄影吧,https://tieba.baidu.com/f?ie=utf-8&kw=%E6%91%84%E5%BD%B1%E5%90%A7,0,https://tieba.baidu.com/p/7102098098,手机怎么拍摄啊 最近喜欢夜景的照片但是不知道怎么调整数据 求带,再堤筒好以亢,834134784,https://tieba.baidu.com/home/main/?un=%E5%86%8D%E5%A0%A4%E7%AD%92%E5%A5%BD%E4%BB%A5%E4%BA%A2&ie=utf-8&id=tb.1.fe589a3d.Rcyaeo0xX5_B9Xpcp9IOaQ&fr=frs,2020-11-20 22:34,nan,再堤筒好以亢,https://tieba.baidu.com/home/main/?un=%E5%86%8D%E5%A0%A4%E7%AD%92%E5%A5%BD%E4%BB%A5%E4%BA%A2&ie=utf-8&id=tb.1.fe589a3d.Rcyaeo0xX5_B9Xpcp9IOaQ&fr=frs,2020-11-20 22:34
摄影吧,https://tieba.baidu.com/f?ie=utf-8&kw=%E6%91%84%E5%BD%B1%E5%90%A7,13,https://tieba.baidu.com/p/7100879212,4亿像素！富士相机能否称王，就在这一天！,oidajustice,2845308,https://tieba.baidu.com/tbmall/tshow,2020-11-20 12:31,nan,东周列国春秋,https://tieba.baidu.com/home/main/?un=%E4%B8%9C%E5%91%A8%E5%88%97%E5%9B%BD%E6%98%A5%E7%A7%8B&ie=utf-8&id=tb.1.4319235.xrC2SntafzdHOjQ-LqCmiA&fr=frs,2020-11-20 22:33
摄影吧,https://tieba.baidu.com/f?ie=utf-8&kw=%E6%91%84%E5%BD%B1%E5%90%A7,1,https://tieba.baidu.com/p/7102025501,全画幅和残幅差别很大吗,林中之象😘,4505787107,https://tieba.baidu.com/home/main/?un=%E8%91%B5%E6%AA%91&ie=utf-8&id=tb.1.67165c5b.d2maKeneLwG0HNUM2jMkGQ&fr=frs,2020-11-20 21:53,nan,林中之象😘,https://tieba.baidu.com/home/main/?un=%E8%91%B5%E6%AA%91&ie=utf-8&id=tb.1.67165c5b.d2maKeneLwG0HNUM2jMkGQ&fr=frs,2020-11-20 22:18
摄影吧,https://tieba.baidu.com/f?ie=utf-8&kw=%E6%91%84%E5%BD%B1%E5%90%A7,0,https://tieba.baidu.com/p/7102035262,摄影新手，求大佬指导,S-A-T,2595180290,https://tieba.baidu.com/home/main/?un=XIANGSHANMU9&ie=utf-8&id=tb.1.59233c81.ecVY_Kv-d0QpvoXndW90RQ&fr=frs,2020-11-20 21:59,nan,S-A-T,https://tieba.baidu.com/home/main/?un=XIANGSHANMU9&ie=utf-8&id=tb.1.59233c81.ecVY_Kv-d0QpvoXndW90RQ&fr=frs,2020-11-20 21:59
摄影吧,https://tieba.baidu.com/f?ie=utf-8&kw=%E6%91%84%E5%BD%B1%E5%90%A7,3,https://tieba.baidu.com/p/7091994875,求助帖,情杀计划,2405401669,https://tieba.baidu.com/home/main/?un=%E6%83%85%E6%9D%80%E8%AE%A1%E5%88%92&ie=utf-8&id=tb.1.36324af6.DTGD2WhaojXvDmBkxGqPpg&fr=frs,11-16,nan,⛅閑雲野鹤⛅,https://tieba.baidu.com/home/main/?un=user_monkeys&ie=utf-8&id=tb.1.14d14901.lRPShHR0NG09kEOoOkYZ2w&fr=frs,2020-11-20 22:04
摄影吧,https://tieba.baidu.com/f?ie=utf-8&kw=%E6%91%84%E5%BD%B1%E5%90%A7,72,https://tieba.baidu.com/p/7093962836,色调，构图方面有什么可以指导下我的吗，新手上路，色调会不会太,KG信,3145771374,https://tieba.baidu.com/home/main/?un=KG%E4%BF%A1&ie=utf-8&id=tb.1.35d5f2d2.57KnQSPlz_Z7hn8KGp3QhQ&fr=frs,11-17,nan,KG信,https://tieba.baidu.com/home/main/?un=KG%E4%BF%A1&ie=utf-8&id=tb.1.35d5f2d2.57KnQSPlz_Z7hn8KGp3QhQ&fr=frs,2020-11-20 22:05
摄影吧,https://tieba.baidu.com/f?ie=utf-8&kw=%E6%91%84%E5%BD%B1%E5%90%A7,6,https://tieba.baidu.com/p/7093392242,请大家指点,acoder🔯,345151889,https://tieba.baidu.com/home/main/?un=acoder1983&ie=utf-8&id=tb.1.d6e871b6.SJ8_I1y2MYfbKWeJYV_Diw&fr=frs,11-17,nan,acoder🔯,https://tieba.baidu.com/home/main/?un=acoder1983&ie=utf-8&id=tb.1.d6e871b6.SJ8_I1y2MYfbKWeJYV_Diw&fr=frs,2020-11-20 22:03
摄影吧,https://tieba.baidu.com/f?ie=utf-8&kw=%E6%91%84%E5%BD%B1%E5%90%A7,7,https://tieba.baidu.com/p/7078179269,谁来点评一下？苹果8+后期调了一下。拍照业务，好坏随机,千秋ct♂,2058160976,https://tieba.baidu.com/home/main/?un=%E5%8D%83%E7%A7%8B%E7%A6%BB%E5%90%88ct&ie=utf-8&id=tb.1.2cf0a791.2VU83Nnrhb7iZV-Hp5kajg&fr=frs,11-9,nan,千秋ct♂,https://tieba.baidu.com/home/main/?un=%E5%8D%83%E7%A7%8B%E7%A6%BB%E5%90%88ct&ie=utf-8&id=tb.1.2cf0a791.2VU83Nnrhb7iZV-Hp5kajg&fr=frs,11-19
摄影吧,https://tieba.baidu.com/f?ie=utf-8&kw=%E6%91%84%E5%BD%B1%E5%90%A7,23,https://tieba.baidu.com/p/7101013201,求教人像的改进,八神路飞,83688071,https://tieba.baidu.com/home/main/?un=%E5%85%AB%E7%A5%9E%E8%B7%AF%E9%A3%9E&ie=utf-8&id=tb.1.50f244c5.QjdSfQKjakt89RKJwuWarA&fr=frs,2020-11-20 13:41,nan,铜子,https://tieba.baidu.com/home/main/?un=%E9%93%9C%E5%AD%90&ie=utf-8&id=tb.1.b52c574a.3MfCR1YGWE9p6_b5cS720w&fr=frs,2020-11-20 21:55
摄影吧,https://tieba.baidu.com/f?ie=utf-8&kw=%E6%91%84%E5%BD%B1%E5%90%A7,2,https://tieba.baidu.com/p/7101287035,新手玩摄影！！,混世的未末,661479587,https://tieba.baidu.com/home/main/?un=%E6%B7%B7%E4%B8%96%E7%9A%84%E6%9C%AA%E6%9C%AB&ie=utf-8&id=tb.1.7bc7de9d.fX49IUru7PQlkafoBdYFfg&fr=frs,2020-11-20 15:46,nan,僚蔡懒罢钒目,https://tieba.baidu.com/home/main/?un=%E5%83%9A%E8%94%A1%E6%87%92%E7%BD%A2%E9%92%92%E7%9B%AE&ie=utf-8&id=tb.1.92d2d60e.uwkgqaqkybWkCJRymMU5Hg&fr=frs,2020-11-20 21:48
摄影吧,https://tieba.baidu.com/f?ie=utf-8&kw=%E6%91%84%E5%BD%B1%E5%90%A7,49,https://tieba.baidu.com/p/6724761226,感觉越是自然瞬间，就越美。长焦不拍植物和鸟。,真实才最美😍,4134389432,https://tieba.baidu.com/home/main/?un=%E4%BA%8B%E5%AE%9E%E4%B9%8B%E7%9C%9F%E7%9B%B8%E6%8E%A2%E7%A9%B6&ie=utf-8&id=tb.1.130add78.zpf6gwp99odAx63dGAo1Jw&fr=frs,6-3,nan,色影师娱乐,https://tieba.baidu.com/home/main/?un=%E8%89%B2%E5%BD%B1%E5%B8%88%E5%A8%B1%E4%B9%90&ie=utf-8&id=tb.1.685fa28.1kvUGyk0ZMZRGU0LwsNkgg&fr=frs,2020-11-20 19:32
摄影吧,https://tieba.baidu.com/f?ie=utf-8&kw=%E6%91%84%E5%BD%B1%E5%90%A7,6,https://tieba.baidu.com/p/7100656953,小弟今年大二，突然开始对摄影感兴趣，近半年的照片求老法师们点,锦衣卫nice,782419135,https://tieba.baidu.com/home/main/?un=%E9%94%A6%E8%A1%A3%E5%8D%ABnice&ie=utf-8&id=tb.1.60e7029f.vrMrioHkez-q6waOo7FgXQ&fr=frs,2020-11-20 10:41,nan,锦衣卫nice,https://tieba.baidu.com/home/main/?un=%E9%94%A6%E8%A1%A3%E5%8D%ABnice&ie=utf-8&id=tb.1.60e7029f.vrMrioHkez-q6waOo7FgXQ&fr=frs,2020-11-20 19:15
摄影吧,https://tieba.baidu.com/f?ie=utf-8&kw=%E6%91%84%E5%BD%B1%E5%90%A7,126,https://tieba.baidu.com/p/7032130510,玩摄影有一段时间了 不知道自己拍的怎么样求大佬指点一下,北望十一🌻,2671656942,https://tieba.baidu.com/home/main/?un=%E9%9A%8F%E9%A3%8E%E5%BF%83%E5%8A%A81213&ie=utf-8&id=tb.1.b13c2c54.-PTxScJH2v-eMx7wO3yjPw&fr=frs,10-20,nan,馨男的迷弟🎓,https://tieba.baidu.com/home/main/?un=1%E4%B8%AA%E4%BA%BA%E7%9A%84%E6%97%85%E8%A1%8C08&ie=utf-8&id=tb.1.a3aca177.zKOC-SZ0V69g2DPDzdyG5w&fr=frs,2020-11-20 21:41
摄影吧,https://tieba.baidu.com/f?ie=utf-8&kw=%E6%91%84%E5%BD%B1%E5%90%A7,32,https://tieba.baidu.com/p/7094780326,raw格式转jpg修图和raw格式直接调是一样的吗,白夜行😺,2472056118,https://tieba.baidu.com/home/main/?un=%E7%86%8A%E5%AD%A9%E5%AD%90%E4%B8%893&ie=utf-8&id=tb.1.a74b4008.Ezjy6EVPKERc9yG1kR8t0Q&fr=frs,11-17,nan,僚蔡懒罢钒目,https://tieba.baidu.com/home/main/?un=%E5%83%9A%E8%94%A1%E6%87%92%E7%BD%A2%E9%92%92%E7%9B%AE&ie=utf-8&id=tb.1.92d2d60e.uwkgqaqkybWkCJRymMU5Hg&fr=frs,2020-11-20 21:38
摄影吧,https://tieba.baidu.com/f?ie=utf-8&kw=%E6%91%84%E5%BD%B1%E5%90%A7,41,https://tieba.baidu.com/p/7058940445,求大佬们指点,茫然失措ლ,2409564760,https://tieba.baidu.com/home/main/?un=%E5%86%B7%E7%92%9F%E8%BD%A9&ie=utf-8&id=tb.1.6f960f80.hz6gKm_FHDPLuNj_jAcZEw&fr=frs,11-1,nan,Ayanga🌸,https://tieba.baidu.com/home/main/?un=Ssszy17%E9%A6%83%E6%87%A2&ie=utf-8&id=tb.1.b778aef9.Kn431swjwv9EEnS315uUVQ&fr=frs,2020-11-20 21:37
摄影吧,https://tieba.baidu.com/f?ie=utf-8&kw=%E6%91%84%E5%BD%B1%E5%90%A7,201,https://tieba.baidu.com/p/7093274098,使用了长达一年的35定后...（记录,千反田--,2130112211,https://tieba.baidu.com/home/main/?un=%E8%AE%B0%E5%BD%95%E5%BE%80%E6%9D%A5&ie=utf-8&id=tb.1.9304bdb.GVtWZYLtflLGF6c8Vqu18g&fr=frs,11-16,nan,哥顿哥😈,https://tieba.baidu.com/home/main/?un=hahahujbdj&ie=utf-8&id=tb.1.16436298.vL3c0HbnVfKfvm9A5Rz-7g&fr=frs,2020-11-20 21:21
摄影吧,https://tieba.baidu.com/f?ie=utf-8&kw=%E6%91%84%E5%BD%B1%E5%90%A7,3,https://tieba.baidu.com/p/7100392591,大佬们看看孩子吧,呢喃细语🌝,2722584169,https://tieba.baidu.com/home/main/?un=%E5%BE%B7%E7%88%B7%E5%8B%92&ie=utf-8&id=tb.1.f992d858.d-RHg1EcmGjneolAPkkGrw&fr=frs,2020-11-20 08:12,nan,禞艷咼🌸,https://tieba.baidu.com/home/main/?un=%E7%BD%97%E7%94%B0_%E9%9B%A8%E4%BA%AD&ie=utf-8&id=tb.1.f1c6729e.lrcoq-lS6Sgxd6MkfHSqbg&fr=frs,2020-11-20 13:54
摄影吧,https://tieba.baidu.com/f?ie=utf-8&kw=%E6%91%84%E5%BD%B1%E5%90%A7,3,https://tieba.baidu.com/p/7101896755,求求各位大哥了,微风-细雨,3395143108,https://tieba.baidu.com/home/main/?un=zengyun0610&ie=utf-8&id=tb.1.2201d029.9Q3dW15lDInsOrReYxxbqg&fr=frs,2020-11-20 20:42,nan,微风-细雨,https://tieba.baidu.com/home/main/?un=zengyun0610&ie=utf-8&id=tb.1.2201d029.9Q3dW15lDInsOrReYxxbqg&fr=frs,2020-11-20 21:01
摄影吧,https://tieba.baidu.com/f?ie=utf-8&kw=%E6%91%84%E5%BD%B1%E5%90%A7,46,https://tieba.baidu.com/p/7067936766,新机试拍怎么这么暗,绞架台上唱ING,83467364,https://tieba.baidu.com/home/main/?un=%E7%BB%9E%E6%9E%B6%E5%8F%B0%E4%B8%8A%E5%94%B1ING&ie=utf-8&id=tb.1.af15a8fc.lvRNQX8O5BtxwNUc-X1Gkg&fr=frs,11-5,nan,光的艺术♀,https://tieba.baidu.com/home/main/?un=%E7%89%9B%E4%BB%94%E6%91%84%E5%BD%B1%E5%B9%B3%E5%8F%B001&ie=utf-8&id=tb.1.5f016a10.w9k2drblASDONJrVOFPUow&fr=frs,2020-11-20 20:54
摄影吧,https://tieba.baidu.com/f?ie=utf-8&kw=%E6%91%84%E5%BD%B1%E5%90%A7,104,https://tieba.baidu.com/p/7032179828,新人刚学摄影 请吧友们指点,北白川玉子zzz,4325475115,https://tieba.baidu.com/home/main/?un=%E5%8C%97%E7%99%BD%E5%B7%9D%E7%8E%89%E5%AD%90zzz&ie=utf-8&id=tb.1.8ed5da.MX-A-M11nLxFXB3Eb-Qspg&fr=frs,10-21,nan,光的艺术♀,https://tieba.baidu.com/home/main/?un=%E7%89%9B%E4%BB%94%E6%91%84%E5%BD%B1%E5%B9%B3%E5%8F%B001&ie=utf-8&id=tb.1.5f016a10.w9k2drblASDONJrVOFPUow&fr=frs,2020-11-20 20:53
摄影吧,https://tieba.baidu.com/f?ie=utf-8&kw=%E6%91%84%E5%BD%B1%E5%90%A7,0,https://tieba.baidu.com/p/7101908381,有大神吗,追梦的拌白,3330123571,https://tieba.baidu.com/home/main/?un=%E8%BF%BD%E6%A2%A6%E7%9A%84%E6%8B%8C%E7%99%BD&ie=utf-8&id=tb.1.8f617bda.igAywCtiJd50v6tDdkv3Ew&fr=frs,2020-11-20 20:49,nan,追梦的拌白,https://tieba.baidu.com/home/main/?un=%E8%BF%BD%E6%A2%A6%E7%9A%84%E6%8B%8C%E7%99%BD&ie=utf-8&id=tb.1.8f617bda.igAywCtiJd50v6tDdkv3Ew&fr=frs,2020-11-20 20:49
摄影吧,https://tieba.baidu.com/f?ie=utf-8&kw=%E6%91%84%E5%BD%B1%E5%90%A7,0,https://tieba.baidu.com/p/7101877813,进来都是朋友，来一起交流学习呀！（拒绝广告）,🌌with,4741850228,https://tieba.baidu.com/home/main/?un=%E9%9F%B3%E4%B9%90%E4%BA%BA%E4%BB%A3%E8%BF%87&ie=utf-8&id=tb.1.39c0ad2b.GDvaM0gH2EtWpnydL4lQ8Q&fr=frs,2020-11-20 20:32,nan,🌌with,https://tieba.baidu.com/home/main/?un=%E9%9F%B3%E4%B9%90%E4%BA%BA%E4%BB%A3%E8%BF%87&ie=utf-8&id=tb.1.39c0ad2b.GDvaM0gH2EtWpnydL4lQ8Q&fr=frs,2020-11-20 20:32
摄影吧,https://tieba.baidu.com/f?ie=utf-8&kw=%E6%91%84%E5%BD%B1%E5%90%A7,3,https://tieba.baidu.com/p/7100766135,iPhone11pro 拍摄原图,3G98,397654430,https://tieba.baidu.com/home/main/?un=3G98&ie=utf-8&id=tb.1.d0fa6b54.sbztTjDn67WzTp2rSzxjzw&fr=frs,2020-11-20 11:30,nan,3G98,https://tieba.baidu.com/home/main/?un=3G98&ie=utf-8&id=tb.1.d0fa6b54.sbztTjDn67WzTp2rSzxjzw&fr=frs,2020-11-20 20:42
摄影吧,https://tieba.baidu.com/f?ie=utf-8&kw=%E6%91%84%E5%BD%B1%E5%90%A7,0,https://tieba.baidu.com/p/7100599469,以国为潮。,野生菠萝包😍,792935920,https://tieba.baidu.com/home/main/?un=%E6%9F%A0%E6%AA%AC%E5%BC%8FDe%E7%88%B1&ie=utf-8&id=tb.1.1f3ea15c.TdXb0qCMVIbE96_3tIne7A&fr=frs,2020-11-20 10:15,nan,野生菠萝包😍,https://tieba.baidu.com/home/main/?un=%E6%9F%A0%E6%AA%AC%E5%BC%8FDe%E7%88%B1&ie=utf-8&id=tb.1.1f3ea15c.TdXb0qCMVIbE96_3tIne7A&fr=frs,2020-11-20 10:15
摄影吧,https://tieba.baidu.com/f?ie=utf-8&kw=%E6%91%84%E5%BD%B1%E5%90%A7,0,https://tieba.baidu.com/p/7101853182,有室内摄影的群聊吗？想要和各位大佬交流学习,平淡人生♋✆✆,5023200813,https://tieba.baidu.com/home/main/?un=&ie=utf-8&id=tb.1.688afcc7.QOlgy829aF9XNUiTQIgkRw&fr=frs,2020-11-20 20:19,nan,平淡人生♋✆✆,https://tieba.baidu.com/home/main/?un=&ie=utf-8&id=tb.1.688afcc7.QOlgy829aF9XNUiTQIgkRw&fr=frs,2020-11-20 20:19
摄影吧,https://tieba.baidu.com/f?ie=utf-8&kw=%E6%91%84%E5%BD%B1%E5%90%A7,0,https://tieba.baidu.com/p/7101842390,环球国际怎么注册账号？{tlgskf009},贴吧用户_7bD2MGP,2816006317,https://tieba.baidu.com/home/main/?un=%E7%94%B518488321463&ie=utf-8&id=tb.1.73b8a182._QTGwfuUer9-51RBBdh28A&fr=frs,2020-11-20 20:13,nan,贴吧用户_7bD2MGP,https://tieba.baidu.com/home/main/?un=%E7%94%B518488321463&ie=utf-8&id=tb.1.73b8a182._QTGwfuUer9-51RBBdh28A&fr=frs,2020-11-20 20:13
摄影吧,https://tieba.baidu.com/f?ie=utf-8&kw=%E6%91%84%E5%BD%B1%E5%90%A7,0,https://tieba.baidu.com/p/7101826319,靠谱不,威吼咪▫,4563899310,https://tieba.baidu.com/home/main/?un=%E5%AD%91%E5%B0%8F%E7%AC%91%E5%B7%9D&ie=utf-8&id=tb.1.7dc4093f.pdaDXaDdTv1YQENWiEB-bA&fr=frs,2020-11-20 20:04,nan,威吼咪▫,https://tieba.baidu.com/home/main/?un=%E5%AD%91%E5%B0%8F%E7%AC%91%E5%B7%9D&ie=utf-8&id=tb.1.7dc4093f.pdaDXaDdTv1YQENWiEB-bA&fr=frs,2020-11-20 20:04
摄影吧,https://tieba.baidu.com/f?ie=utf-8&kw=%E6%91%84%E5%BD%B1%E5%90%A7,32,https://tieba.baidu.com/p/7096683393,尼康D610配的适马501.4,凉凉x♋,3923790691,https://tieba.baidu.com/home/main/?un=%E5%87%89%E5%87%89Jsir&ie=utf-8&id=tb.1.762ef1cf.7QWZU7S0co38_ociJb_o6w&fr=frs,11-18,nan,-Zn,https://tieba.baidu.com/home/main/?un=%E5%8D%83%E9%B8%9F%E8%83%A1&ie=utf-8&id=tb.1.c12bfb63.sFcIZk1LTQZgrrxmdh7dtQ&fr=frs,2020-11-20 20:03
摄影吧,https://tieba.baidu.com/f?ie=utf-8&kw=%E6%91%84%E5%BD%B1%E5%90%A7,5,https://tieba.baidu.com/p/7099992298,刚练习单反半个月，求大佬点评，尼康D7100+50-1.8D,千王虚设,187817762,https://tieba.baidu.com/home/main/?un=%E5%8D%83%E7%8E%8B%E8%99%9A%E8%AE%BE&ie=utf-8&id=tb.1.27a2ac1c.FF6Gdx0Tbp5rbwINCqtbXg&fr=frs,11-19,nan,千王虚设,https://tieba.baidu.com/home/main/?un=%E5%8D%83%E7%8E%8B%E8%99%9A%E8%AE%BE&ie=utf-8&id=tb.1.27a2ac1c.FF6Gdx0Tbp5rbwINCqtbXg&fr=frs,2020-11-20 20:01
摄影吧,https://tieba.baidu.com/f?ie=utf-8&kw=%E6%91%84%E5%BD%B1%E5%90%A7,56,https://tieba.baidu.com/p/7094181754,18年买了个a6300+18-138偶尔拍一下,稻子💨,828412800,https://tieba.baidu.com/home/main/?un=%E7%BA%AFl%E5%B9%BC%E7%A8%9A&ie=utf-8&id=tb.1.327d8150.hXYRlPPNz72IUwWHPe8GQw&fr=frs,11-17,nan,千反田--,https://tieba.baidu.com/home/main/?un=%E8%AE%B0%E5%BD%95%E5%BE%80%E6%9D%A5&ie=utf-8&id=tb.1.9304bdb.GVtWZYLtflLGF6c8Vqu18g&fr=frs,2020-11-20 19:48
摄影吧,https://tieba.baidu.com/f?ie=utf-8&kw=%E6%91%84%E5%BD%B1%E5%90%A7,38,https://tieba.baidu.com/p/7065371893,广州天气真让人难顶出镜：挽希设备:Nikon Z6,叶千寒◆han,817868369,https://tieba.baidu.com/home/main/?un=time%E5%BB%BA%E9%94%AE&ie=utf-8&id=tb.1.99a57f64.N3doJ7dIxXjEShIi2R94nQ&fr=frs,11-4,nan,opphhh,https://tieba.baidu.com/home/main/?un=opphhh&ie=utf-8&id=tb.1.c2d4a4a6.WBJiDuURW1w9ZA45684r0w&fr=frs,2020-11-20 19:41
摄影吧,https://tieba.baidu.com/f?ie=utf-8&kw=%E6%91%84%E5%BD%B1%E5%90%A7,14,https://tieba.baidu.com/p/7097711080,第二次出门拍照。感觉比第一天强了。,是你呀º,809531305,https://tieba.baidu.com/home/main/?un=%E8%8A%B1%E5%BC%80%E8%8A%B1%E8%90%BD%E8%8A%B1%E4%B8%8D%E7%9C%A0&ie=utf-8&id=tb.1.ee98131f.QzxRpG79c828u7zCDjvpNA&fr=frs,11-18,nan,opphhh,https://tieba.baidu.com/home/main/?un=opphhh&ie=utf-8&id=tb.1.c2d4a4a6.WBJiDuURW1w9ZA45684r0w&fr=frs,2020-11-20 19:40
摄影吧,https://tieba.baidu.com/f?ie=utf-8&kw=%E6%91%84%E5%BD%B1%E5%90%A7,0,https://tieba.baidu.com/p/7101775911,拍着玩的,贴吧用户_7W7bQ1V,2754184565,https://tieba.baidu.com/home/main/?un=&ie=utf-8&id=tb.1.b1167575.jgjccH5HfX9T1h0YETToAg&fr=frs,2020-11-20 19:36,nan,贴吧用户_7W7bQ1V,https://tieba.baidu.com/home/main/?un=&ie=utf-8&id=tb.1.b1167575.jgjccH5HfX9T1h0YETToAg&fr=frs,2020-11-20 19:36
摄影吧,https://tieba.baidu.com/f?ie=utf-8&kw=%E6%91%84%E5%BD%B1%E5%90%A7,60,https://tieba.baidu.com/p/7098889477,新手入门拍成这样能去接单了吗,倾城日光墨初,915027672,https://tieba.baidu.com/home/main/?un=%E5%80%BE%E5%9F%8E%E6%97%A5%E5%85%89%E5%A2%A8%E5%88%9D&ie=utf-8&id=tb.1.84a5907c.iew0MOgAKP_8gThwZampPg&fr=frs,11-19,nan,千反田--,https://tieba.baidu.com/home/main/?un=%E8%AE%B0%E5%BD%95%E5%BE%80%E6%9D%A5&ie=utf-8&id=tb.1.9304bdb.GVtWZYLtflLGF6c8Vqu18g&fr=frs,2020-11-20 19:35
摄影吧,https://tieba.baidu.com/f?ie=utf-8&kw=%E6%91%84%E5%BD%B1%E5%90%A7,6,https://tieba.baidu.com/p/7073605523,秋景小记,sunny灵儿001,1596234640,https://tieba.baidu.com/home/main/?un=sunny%E7%81%B5%E5%84%BF001&ie=utf-8&id=tb.1.28b9df5d.d1JA_QX9K3RPFNO1FN2FPA&fr=frs,11-7,nan,sunny灵儿001,https://tieba.baidu.com/home/main/?un=sunny%E7%81%B5%E5%84%BF001&ie=utf-8&id=tb.1.28b9df5d.d1JA_QX9K3RPFNO1FN2FPA&fr=frs,2020-11-20 19:34
摄影吧,https://tieba.baidu.com/f?ie=utf-8&kw=%E6%91%84%E5%BD%B1%E5%90%A7,28,https://tieba.baidu.com/p/7065340140,想参加学校摄影比赛，兄弟们能不能帮忙挑一张比较能看的，谢谢。,柯萌可萌🐨🐨🐨,2859815196,https://tieba.baidu.com/home/main/?un=%E6%98%AF%E5%A4%9A%E5%A4%A7%E7%9A%84%E9%9A%8F%E6%97%B6&ie=utf-8&id=tb.1.ddde1548.BJDibFs7-WgOKtKPuUX4Qw&fr=frs,11-4,nan,96586👻,https://tieba.baidu.com/home/main/?un=abc13765103918&ie=utf-8&id=tb.1.3fadf4ea.KmnFdtZdCk4bjvBXCvAJxw&fr=frs,2020-11-20 19:17
摄影吧,https://tieba.baidu.com/f?ie=utf-8&kw=%E6%91%84%E5%BD%B1%E5%90%A7,9,https://tieba.baidu.com/p/7098202903,灯架的新用法,贴吧用户_QDKG3Ze,2073227767,https://tieba.baidu.com/home/main/?un=&ie=utf-8&id=tb.1.17c0179c.1ySV2oMG9PgIQ05QRuWwcg&fr=frs,11-19,nan,下次壹定💦,https://tieba.baidu.com/home/main/?un=%E7%BB%B4%E4%BB%96%E9%A3%8E%E6%B2%B9%E7%B2%BE&ie=utf-8&id=tb.1.c9cfdb02.PeZVgFi0gblbeqljVxQiOg&fr=frs,2020-11-20 19:04
摄影吧,https://tieba.baidu.com/f?ie=utf-8&kw=%E6%91%84%E5%BD%B1%E5%90%A7,154,https://tieba.baidu.com/p/7094311961,纯小白，大佬指点下,Teng😇,281233163,https://tieba.baidu.com/home/main/?un=qq804862807&ie=utf-8&id=tb.1.f43646f8.VR-p6ykS2TPXMWuxkkvrsw&fr=frs,11-17,nan,苏苏🍒🐭,https://tieba.baidu.com/home/main/?un=%E8%8B%8F%E9%AB%98%E5%B3%B015&ie=utf-8&id=tb.1.4e89d913.Cts0o1N30FE4Wzx8fMCzyw&fr=frs,2020-11-20 18:34
摄影吧,https://tieba.baidu.com/f?ie=utf-8&kw=%E6%91%84%E5%BD%B1%E5%90%A7,0,https://tieba.baidu.com/p/7101649394,老师们，婚纱摄影给的1兆多点jpg底片是不是压缩的有点严重呀,小奶猫找主人😍,1082625354,https://tieba.baidu.com/home/main/?un=%E5%A0%A4%E9%92%93%E6%B6%9B&ie=utf-8&id=tb.1.a0a84535.XJFJzwLLbRalYP2QqwBcZg&fr=frs,2020-11-20 18:28,nan,小奶猫找主人😍,https://tieba.baidu.com/home/main/?un=%E5%A0%A4%E9%92%93%E6%B6%9B&ie=utf-8&id=tb.1.a0a84535.XJFJzwLLbRalYP2QqwBcZg&fr=frs,2020-11-20 18:28
摄影吧,https://tieba.baidu.com/f?ie=utf-8&kw=%E6%91%84%E5%BD%B1%E5%90%A7,0,https://tieba.baidu.com/p/7100554452,有兴趣？PS修图P图，视频剪辑，电商美工，AE后期，AI ，摄影后期,904394049,121457760,https://tieba.baidu.com/home/main/?un=904394049&ie=utf-8&id=tb.1.6c008194.k61BR6YMBz-binSxVboZWg&fr=frs,2020-11-20 09:54,nan,904394049,https://tieba.baidu.com/home/main/?un=904394049&ie=utf-8&id=tb.1.6c008194.k61BR6YMBz-binSxVboZWg&fr=frs,2020-11-20 09:54
摄影吧,https://tieba.baidu.com/f?ie=utf-8&kw=%E6%91%84%E5%BD%B1%E5%90%A7,0,https://tieba.baidu.com/p/7101635719,想買一個二手的攝影機但不是很懂…想這樣的可以麽？問一下吧中大,贴吧用户_QbAW7M4,1720257225,https://tieba.baidu.com/home/main/?un=&ie=utf-8&id=tb.1.a58496a3.7J6yi0dB-yBtkid6y3JjkA&fr=frs,2020-11-20 18:21,nan,贴吧用户_QbAW7M4,https://tieba.baidu.com/home/main/?un=&ie=utf-8&id=tb.1.a58496a3.7J6yi0dB-yBtkid6y3JjkA&fr=frs,2020-11-20 18:21
摄影吧,https://tieba.baidu.com/f?ie=utf-8&kw=%E6%91%84%E5%BD%B1%E5%90%A7,23,https://tieba.baidu.com/p/7092496684,"玩摄影很久了,总感觉拍的越来越不好总是拍不到一张非常满意的照片",东风无能-▫,1097148380,https://tieba.baidu.com/home/main/?un=&ie=utf-8&id=tb.1.14710c77.H5BQ-5m8ycR6sqWqUIq-iQ&fr=frs,11-16,nan,东风无能-▫,https://tieba.baidu.com/home/main/?un=&ie=utf-8&id=tb.1.14710c77.H5BQ-5m8ycR6sqWqUIq-iQ&fr=frs,2020-11-20 18:17
摄影吧,https://tieba.baidu.com/f?ie=utf-8&kw=%E6%91%84%E5%BD%B1%E5%90%A7,0,https://tieba.baidu.com/p/7099958521,产品免费拍摄,阿豆爱摄影☜,3890131203,https://tieba.baidu.com/home/main/?un=%E5%A4%A7%E5%A4%A7%E5%80%9F%E5%80%9F&ie=utf-8&id=tb.1.41b7876d.5uwTo_cyTb_kXc93sw3Sfw&fr=frs,11-19,nan,阿豆爱摄影☜,https://tieba.baidu.com/home/main/?un=%E5%A4%A7%E5%A4%A7%E5%80%9F%E5%80%9F&ie=utf-8&id=tb.1.41b7876d.5uwTo_cyTb_kXc93sw3Sfw&fr=frs,11-19
摄影吧,https://tieba.baidu.com/f?ie=utf-8&kw=%E6%91%84%E5%BD%B1%E5%90%A7,8,https://tieba.baidu.com/p/7100920701,第二次拍，请问下有什么需要改进的地方呢，谢谢各位daolao,铃之雫Ω,954635920,https://tieba.baidu.com/home/main/?un=%E9%9D%9E%E7%8F%BE%E5%85%85&ie=utf-8&id=tb.1.49c58140.ZA0yxhURPonNCaZgXqqtsw&fr=frs,2020-11-20 12:54,nan,铃之雫Ω,https://tieba.baidu.com/home/main/?un=%E9%9D%9E%E7%8F%BE%E5%85%85&ie=utf-8&id=tb.1.49c58140.ZA0yxhURPonNCaZgXqqtsw&fr=frs,2020-11-20 18:01
摄影吧,https://tieba.baidu.com/f?ie=utf-8&kw=%E6%91%84%E5%BD%B1%E5%90%A7,1,https://tieba.baidu.com/p/7101593123,我发表了一篇视频贴，大伙来看看吧~,戒不掉的习惯99,736011999,https://tieba.baidu.com/home/main/?un=%E6%88%92%E4%B8%8D%E6%8E%89%E7%9A%84%E4%B9%A0%E6%83%AF99&ie=utf-8&id=tb.1.23d7896d.9K8-LzIzJByqGzRZoUpCrw&fr=frs,2020-11-20 18:00,nan,戒不掉的习惯99,https://tieba.baidu.com/home/main/?un=%E6%88%92%E4%B8%8D%E6%8E%89%E7%9A%84%E4%B9%A0%E6%83%AF99&ie=utf-8&id=tb.1.23d7896d.9K8-LzIzJByqGzRZoUpCrw&fr=frs,2020-11-20 18:01
摄影吧,https://tieba.baidu.com/f?ie=utf-8&kw=%E6%91%84%E5%BD%B1%E5%90%A7,0,https://tieba.baidu.com/p/7101586540,大佬们小弟想购入人生中第一台相机,花都柭德鸟🌌,1925923155,https://tieba.baidu.com/home/main/?un=%E6%97%8B%E9%A3%8E%E7%8C%AA%E7%9A%AE%E5%B0%8F%E6%AC%A1%E6%9C%97&ie=utf-8&id=tb.1.d64c38be.Rex55I1SD3C3v5IIwHK7ng&fr=frs,2020-11-20 17:57,nan,花都柭德鸟🌌,https://tieba.baidu.com/home/main/?un=%E6%97%8B%E9%A3%8E%E7%8C%AA%E7%9A%AE%E5%B0%8F%E6%AC%A1%E6%9C%97&ie=utf-8&id=tb.1.d64c38be.Rex55I1SD3C3v5IIwHK7ng&fr=frs,2020-11-20 17:57
摄影吧,https://tieba.baidu.com/f?ie=utf-8&kw=%E6%91%84%E5%BD%B1%E5%90%A7,0,https://tieba.baidu.com/p/7100377444,我们总是在寻找美，殊不知美丽就在我们身边。——2020.11,是文轩阿,4989732671,https://tieba.baidu.com/home/main/?un=%E6%98%AF%E6%96%87%E8%BD%A9%E9%98%BF&ie=utf-8&id=tb.1.cac11948.xGTSKHuAlEYziGeSGkh6lw&fr=frs,2020-11-20 07:55,nan,是文轩阿,https://tieba.baidu.com/home/main/?un=%E6%98%AF%E6%96%87%E8%BD%A9%E9%98%BF&ie=utf-8&id=tb.1.cac11948.xGTSKHuAlEYziGeSGkh6lw&fr=frs,2020-11-20 07:55
摄影吧,https://tieba.baidu.com/f?ie=utf-8&kw=%E6%91%84%E5%BD%B1%E5%90%A7,14,https://tieba.baidu.com/p/7100198124,学了大半年的摄影,王小布✨,1336757808,https://tieba.baidu.com/home/main/?un=Amani%E7%8E%8B%E5%B0%8F%E5%B8%83&ie=utf-8&id=tb.1.7c9b9320.DDEwOhHRhUyHnpQ_KN-1qg&fr=frs,2020-11-20 02:27,nan,碳纖維鋼化包子,https://tieba.baidu.com/home/main/?un=%E7%A2%B3%E7%BA%96%E7%B6%AD%E9%8B%BC%E5%8C%96%E5%8C%85%E5%AD%90&ie=utf-8&id=tb.1.75f66c42.KpOco9HxnTpYIgz3IPuwVQ&fr=frs,2020-11-20 22:44
摄影吧,https://tieba.baidu.com/f?ie=utf-8&kw=%E6%91%84%E5%BD%B1%E5%90%A7,7,https://tieba.baidu.com/p/6971682034,佳能eos rp，采用的电子取景器，话说用闪光灯棚拍的时候咋,无y所w谓,2648795811,https://tieba.baidu.com/home/main/?un=%E6%97%A0y%E6%89%80w%E8%B0%93&ie=utf-8&id=tb.1.1db6b0e8.x9S7UyeS2JGEnP_Pl4ju-A&fr=frs,9-21,nan,诗炎浩然,https://tieba.baidu.com/home/main/?un=%E8%AF%97%E7%82%8E%E6%B5%A9%E7%84%B6&ie=utf-8&id=tb.1.93d9d32c.gHQrtkAW_gQN0BR0wE0grA&fr=frs,2020-11-20 22:41
摄影吧,https://tieba.baidu.com/f?ie=utf-8&kw=%E6%91%84%E5%BD%B1%E5%90%A7,0,https://tieba.baidu.com/p/7102098098,手机怎么拍摄啊 最近喜欢夜景的照片但是不知道怎么调整数据 求带,再堤筒好以亢,834134784,https://tieba.baidu.com/home/main/?un=%E5%86%8D%E5%A0%A4%E7%AD%92%E5%A5%BD%E4%BB%A5%E4%BA%A2&ie=utf-8&id=tb.1.fe589a3d.Rcyaeo0xX5_B9Xpcp9IOaQ&fr=frs,2020-11-20 22:34,nan,再堤筒好以亢,https://tieba.baidu.com/home/main/?un=%E5%86%8D%E5%A0%A4%E7%AD%92%E5%A5%BD%E4%BB%A5%E4%BA%A2&ie=utf-8&id=tb.1.fe589a3d.Rcyaeo0xX5_B9Xpcp9IOaQ&fr=frs,2020-11-20 22:34
摄影吧,https://tieba.baidu.com/f?ie=utf-8&kw=%E6%91%84%E5%BD%B1%E5%90%A7,13,https://tieba.baidu.com/p/7100879212,4亿像素！富士相机能否称王，就在这一天！,oidajustice,2845308,https://tieba.baidu.com/tbmall/tshow,2020-11-20 12:31,nan,东周列国春秋,https://tieba.baidu.com/home/main/?un=%E4%B8%9C%E5%91%A8%E5%88%97%E5%9B%BD%E6%98%A5%E7%A7%8B&ie=utf-8&id=tb.1.4319235.xrC2SntafzdHOjQ-LqCmiA&fr=frs,2020-11-20 22:33
摄影吧,https://tieba.baidu.com/f?ie=utf-8&kw=%E6%91%84%E5%BD%B1%E5%90%A7,1,https://tieba.baidu.com/p/7102025501,全画幅和残幅差别很大吗,林中之象😘,4505787107,https://tieba.baidu.com/home/main/?un=%E8%91%B5%E6%AA%91&ie=utf-8&id=tb.1.67165c5b.d2maKeneLwG0HNUM2jMkGQ&fr=frs,2020-11-20 21:53,nan,林中之象😘,https://tieba.baidu.com/home/main/?un=%E8%91%B5%E6%AA%91&ie=utf-8&id=tb.1.67165c5b.d2maKeneLwG0HNUM2jMkGQ&fr=frs,2020-11-20 22:18
摄影吧,https://tieba.baidu.com/f?ie=utf-8&kw=%E6%91%84%E5%BD%B1%E5%90%A7,0,https://tieba.baidu.com/p/7102035262,摄影新手，求大佬指导,S-A-T,2595180290,https://tieba.baidu.com/home/main/?un=XIANGSHANMU9&ie=utf-8&id=tb.1.59233c81.ecVY_Kv-d0QpvoXndW90RQ&fr=frs,2020-11-20 21:59,nan,S-A-T,https://tieba.baidu.com/home/main/?un=XIANGSHANMU9&ie=utf-8&id=tb.1.59233c81.ecVY_Kv-d0QpvoXndW90RQ&fr=frs,2020-11-20 21:59
摄影吧,https://tieba.baidu.com/f?ie=utf-8&kw=%E6%91%84%E5%BD%B1%E5%90%A7,3,https://tieba.baidu.com/p/7091994875,求助帖,情杀计划,2405401669,https://tieba.baidu.com/home/main/?un=%E6%83%85%E6%9D%80%E8%AE%A1%E5%88%92&ie=utf-8&id=tb.1.36324af6.DTGD2WhaojXvDmBkxGqPpg&fr=frs,11-16,nan,⛅閑雲野鹤⛅,https://tieba.baidu.com/home/main/?un=user_monkeys&ie=utf-8&id=tb.1.14d14901.lRPShHR0NG09kEOoOkYZ2w&fr=frs,2020-11-20 22:04
摄影吧,https://tieba.baidu.com/f?ie=utf-8&kw=%E6%91%84%E5%BD%B1%E5%90%A7,72,https://tieba.baidu.com/p/7093962836,色调，构图方面有什么可以指导下我的吗，新手上路，色调会不会太,KG信,3145771374,https://tieba.baidu.com/home/main/?un=KG%E4%BF%A1&ie=utf-8&id=tb.1.35d5f2d2.57KnQSPlz_Z7hn8KGp3QhQ&fr=frs,11-17,nan,KG信,https://tieba.baidu.com/home/main/?un=KG%E4%BF%A1&ie=utf-8&id=tb.1.35d5f2d2.57KnQSPlz_Z7hn8KGp3QhQ&fr=frs,2020-11-20 22:05
摄影吧,https://tieba.baidu.com/f?ie=utf-8&kw=%E6%91%84%E5%BD%B1%E5%90%A7,6,https://tieba.baidu.com/p/7093392242,请大家指点,acoder🔯,345151889,https://tieba.baidu.com/home/main/?un=acoder1983&ie=utf-8&id=tb.1.d6e871b6.SJ8_I1y2MYfbKWeJYV_Diw&fr=frs,11-17,nan,acoder🔯,https://tieba.baidu.com/home/main/?un=acoder1983&ie=utf-8&id=tb.1.d6e871b6.SJ8_I1y2MYfbKWeJYV_Diw&fr=frs,2020-11-20 22:03
摄影吧,https://tieba.baidu.com/f?ie=utf-8&kw=%E6%91%84%E5%BD%B1%E5%90%A7,7,https://tieba.baidu.com/p/7078179269,谁来点评一下？苹果8+后期调了一下。拍照业务，好坏随机,千秋ct♂,2058160976,https://tieba.baidu.com/home/main/?un=%E5%8D%83%E7%A7%8B%E7%A6%BB%E5%90%88ct&ie=utf-8&id=tb.1.2cf0a791.2VU83Nnrhb7iZV-Hp5kajg&fr=frs,11-9,nan,千秋ct♂,https://tieba.baidu.com/home/main/?un=%E5%8D%83%E7%A7%8B%E7%A6%BB%E5%90%88ct&ie=utf-8&id=tb.1.2cf0a791.2VU83Nnrhb7iZV-Hp5kajg&fr=frs,11-19
摄影吧,https://tieba.baidu.com/f?ie=utf-8&kw=%E6%91%84%E5%BD%B1%E5%90%A7,23,https://tieba.baidu.com/p/7101013201,求教人像的改进,八神路飞,83688071,https://tieba.baidu.com/home/main/?un=%E5%85%AB%E7%A5%9E%E8%B7%AF%E9%A3%9E&ie=utf-8&id=tb.1.50f244c5.QjdSfQKjakt89RKJwuWarA&fr=frs,2020-11-20 13:41,nan,铜子,https://tieba.baidu.com/home/main/?un=%E9%93%9C%E5%AD%90&ie=utf-8&id=tb.1.b52c574a.3MfCR1YGWE9p6_b5cS720w&fr=frs,2020-11-20 21:55
摄影吧,https://tieba.baidu.com/f?ie=utf-8&kw=%E6%91%84%E5%BD%B1%E5%90%A7,2,https://tieba.baidu.com/p/7101287035,新手玩摄影！！,混世的未末,661479587,https://tieba.baidu.com/home/main/?un=%E6%B7%B7%E4%B8%96%E7%9A%84%E6%9C%AA%E6%9C%AB&ie=utf-8&id=tb.1.7bc7de9d.fX49IUru7PQlkafoBdYFfg&fr=frs,2020-11-20 15:46,nan,僚蔡懒罢钒目,https://tieba.baidu.com/home/main/?un=%E5%83%9A%E8%94%A1%E6%87%92%E7%BD%A2%E9%92%92%E7%9B%AE&ie=utf-8&id=tb.1.92d2d60e.uwkgqaqkybWkCJRymMU5Hg&fr=frs,2020-11-20 21:48
摄影吧,https://tieba.baidu.com/f?ie=utf-8&kw=%E6%91%84%E5%BD%B1%E5%90%A7,49,https://tieba.baidu.com/p/6724761226,感觉越是自然瞬间，就越美。长焦不拍植物和鸟。,真实才最美😍,4134389432,https://tieba.baidu.com/home/main/?un=%E4%BA%8B%E5%AE%9E%E4%B9%8B%E7%9C%9F%E7%9B%B8%E6%8E%A2%E7%A9%B6&ie=utf-8&id=tb.1.130add78.zpf6gwp99odAx63dGAo1Jw&fr=frs,6-3,nan,色影师娱乐,https://tieba.baidu.com/home/main/?un=%E8%89%B2%E5%BD%B1%E5%B8%88%E5%A8%B1%E4%B9%90&ie=utf-8&id=tb.1.685fa28.1kvUGyk0ZMZRGU0LwsNkgg&fr=frs,2020-11-20 19:32
摄影吧,https://tieba.baidu.com/f?ie=utf-8&kw=%E6%91%84%E5%BD%B1%E5%90%A7,6,https://tieba.baidu.com/p/7100656953,小弟今年大二，突然开始对摄影感兴趣，近半年的照片求老法师们点,锦衣卫nice,782419135,https://tieba.baidu.com/home/main/?un=%E9%94%A6%E8%A1%A3%E5%8D%ABnice&ie=utf-8&id=tb.1.60e7029f.vrMrioHkez-q6waOo7FgXQ&fr=frs,2020-11-20 10:41,nan,锦衣卫nice,https://tieba.baidu.com/home/main/?un=%E9%94%A6%E8%A1%A3%E5%8D%ABnice&ie=utf-8&id=tb.1.60e7029f.vrMrioHkez-q6waOo7FgXQ&fr=frs,2020-11-20 19:15
摄影吧,https://tieba.baidu.com/f?ie=utf-8&kw=%E6%91%84%E5%BD%B1%E5%90%A7,126,https://tieba.baidu.com/p/7032130510,玩摄影有一段时间了 不知道自己拍的怎么样求大佬指点一下,北望十一🌻,2671656942,https://tieba.baidu.com/home/main/?un=%E9%9A%8F%E9%A3%8E%E5%BF%83%E5%8A%A81213&ie=utf-8&id=tb.1.b13c2c54.-PTxScJH2v-eMx7wO3yjPw&fr=frs,10-20,nan,馨男的迷弟🎓,https://tieba.baidu.com/home/main/?un=1%E4%B8%AA%E4%BA%BA%E7%9A%84%E6%97%85%E8%A1%8C08&ie=utf-8&id=tb.1.a3aca177.zKOC-SZ0V69g2DPDzdyG5w&fr=frs,2020-11-20 21:41
摄影吧,https://tieba.baidu.com/f?ie=utf-8&kw=%E6%91%84%E5%BD%B1%E5%90%A7,32,https://tieba.baidu.com/p/7094780326,raw格式转jpg修图和raw格式直接调是一样的吗,白夜行😺,2472056118,https://tieba.baidu.com/home/main/?un=%E7%86%8A%E5%AD%A9%E5%AD%90%E4%B8%893&ie=utf-8&id=tb.1.a74b4008.Ezjy6EVPKERc9yG1kR8t0Q&fr=frs,11-17,nan,僚蔡懒罢钒目,https://tieba.baidu.com/home/main/?un=%E5%83%9A%E8%94%A1%E6%87%92%E7%BD%A2%E9%92%92%E7%9B%AE&ie=utf-8&id=tb.1.92d2d60e.uwkgqaqkybWkCJRymMU5Hg&fr=frs,2020-11-20 21:38
摄影吧,https://tieba.baidu.com/f?ie=utf-8&kw=%E6%91%84%E5%BD%B1%E5%90%A7,41,https://tieba.baidu.com/p/7058940445,求大佬们指点,茫然失措ლ,2409564760,https://tieba.baidu.com/home/main/?un=%E5%86%B7%E7%92%9F%E8%BD%A9&ie=utf-8&id=tb.1.6f960f80.hz6gKm_FHDPLuNj_jAcZEw&fr=frs,11-1,nan,Ayanga🌸,https://tieba.baidu.com/home/main/?un=Ssszy17%E9%A6%83%E6%87%A2&ie=utf-8&id=tb.1.b778aef9.Kn431swjwv9EEnS315uUVQ&fr=frs,2020-11-20 21:37
摄影吧,https://tieba.baidu.com/f?ie=utf-8&kw=%E6%91%84%E5%BD%B1%E5%90%A7,201,https://tieba.baidu.com/p/7093274098,使用了长达一年的35定后...（记录,千反田--,2130112211,https://tieba.baidu.com/home/main/?un=%E8%AE%B0%E5%BD%95%E5%BE%80%E6%9D%A5&ie=utf-8&id=tb.1.9304bdb.GVtWZYLtflLGF6c8Vqu18g&fr=frs,11-16,nan,哥顿哥😈,https://tieba.baidu.com/home/main/?un=hahahujbdj&ie=utf-8&id=tb.1.16436298.vL3c0HbnVfKfvm9A5Rz-7g&fr=frs,2020-11-20 21:21
摄影吧,https://tieba.baidu.com/f?ie=utf-8&kw=%E6%91%84%E5%BD%B1%E5%90%A7,3,https://tieba.baidu.com/p/7100392591,大佬们看看孩子吧,呢喃细语🌝,2722584169,https://tieba.baidu.com/home/main/?un=%E5%BE%B7%E7%88%B7%E5%8B%92&ie=utf-8&id=tb.1.f992d858.d-RHg1EcmGjneolAPkkGrw&fr=frs,2020-11-20 08:12,nan,禞艷咼🌸,https://tieba.baidu.com/home/main/?un=%E7%BD%97%E7%94%B0_%E9%9B%A8%E4%BA%AD&ie=utf-8&id=tb.1.f1c6729e.lrcoq-lS6Sgxd6MkfHSqbg&fr=frs,2020-11-20 13:54
摄影吧,https://tieba.baidu.com/f?ie=utf-8&kw=%E6%91%84%E5%BD%B1%E5%90%A7,3,https://tieba.baidu.com/p/7101896755,求求各位大哥了,微风-细雨,3395143108,https://tieba.baidu.com/home/main/?un=zengyun0610&ie=utf-8&id=tb.1.2201d029.9Q3dW15lDInsOrReYxxbqg&fr=frs,2020-11-20 20:42,nan,微风-细雨,https://tieba.baidu.com/home/main/?un=zengyun0610&ie=utf-8&id=tb.1.2201d029.9Q3dW15lDInsOrReYxxbqg&fr=frs,2020-11-20 21:01
摄影吧,https://tieba.baidu.com/f?ie=utf-8&kw=%E6%91%84%E5%BD%B1%E5%90%A7,46,https://tieba.baidu.com/p/7067936766,新机试拍怎么这么暗,绞架台上唱ING,83467364,https://tieba.baidu.com/home/main/?un=%E7%BB%9E%E6%9E%B6%E5%8F%B0%E4%B8%8A%E5%94%B1ING&ie=utf-8&id=tb.1.af15a8fc.lvRNQX8O5BtxwNUc-X1Gkg&fr=frs,11-5,nan,光的艺术♀,https://tieba.baidu.com/home/main/?un=%E7%89%9B%E4%BB%94%E6%91%84%E5%BD%B1%E5%B9%B3%E5%8F%B001&ie=utf-8&id=tb.1.5f016a10.w9k2drblASDONJrVOFPUow&fr=frs,2020-11-20 20:54
摄影吧,https://tieba.baidu.com/f?ie=utf-8&kw=%E6%91%84%E5%BD%B1%E5%90%A7,104,https://tieba.baidu.com/p/7032179828,新人刚学摄影 请吧友们指点,北白川玉子zzz,4325475115,https://tieba.baidu.com/home/main/?un=%E5%8C%97%E7%99%BD%E5%B7%9D%E7%8E%89%E5%AD%90zzz&ie=utf-8&id=tb.1.8ed5da.MX-A-M11nLxFXB3Eb-Qspg&fr=frs,10-21,nan,光的艺术♀,https://tieba.baidu.com/home/main/?un=%E7%89%9B%E4%BB%94%E6%91%84%E5%BD%B1%E5%B9%B3%E5%8F%B001&ie=utf-8&id=tb.1.5f016a10.w9k2drblASDONJrVOFPUow&fr=frs,2020-11-20 20:53
摄影吧,https://tieba.baidu.com/f?ie=utf-8&kw=%E6%91%84%E5%BD%B1%E5%90%A7,0,https://tieba.baidu.com/p/7101908381,有大神吗,追梦的拌白,3330123571,https://tieba.baidu.com/home/main/?un=%E8%BF%BD%E6%A2%A6%E7%9A%84%E6%8B%8C%E7%99%BD&ie=utf-8&id=tb.1.8f617bda.igAywCtiJd50v6tDdkv3Ew&fr=frs,2020-11-20 20:49,nan,追梦的拌白,https://tieba.baidu.com/home/main/?un=%E8%BF%BD%E6%A2%A6%E7%9A%84%E6%8B%8C%E7%99%BD&ie=utf-8&id=tb.1.8f617bda.igAywCtiJd50v6tDdkv3Ew&fr=frs,2020-11-20 20:49
摄影吧,https://tieba.baidu.com/f?ie=utf-8&kw=%E6%91%84%E5%BD%B1%E5%90%A7,0,https://tieba.baidu.com/p/7101877813,进来都是朋友，来一起交流学习呀！（拒绝广告）,🌌with,4741850228,https://tieba.baidu.com/home/main/?un=%E9%9F%B3%E4%B9%90%E4%BA%BA%E4%BB%A3%E8%BF%87&ie=utf-8&id=tb.1.39c0ad2b.GDvaM0gH2EtWpnydL4lQ8Q&fr=frs,2020-11-20 20:32,nan,🌌with,https://tieba.baidu.com/home/main/?un=%E9%9F%B3%E4%B9%90%E4%BA%BA%E4%BB%A3%E8%BF%87&ie=utf-8&id=tb.1.39c0ad2b.GDvaM0gH2EtWpnydL4lQ8Q&fr=frs,2020-11-20 20:32
摄影吧,https://tieba.baidu.com/f?ie=utf-8&kw=%E6%91%84%E5%BD%B1%E5%90%A7,3,https://tieba.baidu.com/p/7100766135,iPhone11pro 拍摄原图,3G98,397654430,https://tieba.baidu.com/home/main/?un=3G98&ie=utf-8&id=tb.1.d0fa6b54.sbztTjDn67WzTp2rSzxjzw&fr=frs,2020-11-20 11:30,nan,3G98,https://tieba.baidu.com/home/main/?un=3G98&ie=utf-8&id=tb.1.d0fa6b54.sbztTjDn67WzTp2rSzxjzw&fr=frs,2020-11-20 20:42
摄影吧,https://tieba.baidu.com/f?ie=utf-8&kw=%E6%91%84%E5%BD%B1%E5%90%A7,0,https://tieba.baidu.com/p/7100599469,以国为潮。,野生菠萝包😍,792935920,https://tieba.baidu.com/home/main/?un=%E6%9F%A0%E6%AA%AC%E5%BC%8FDe%E7%88%B1&ie=utf-8&id=tb.1.1f3ea15c.TdXb0qCMVIbE96_3tIne7A&fr=frs,2020-11-20 10:15,nan,野生菠萝包😍,https://tieba.baidu.com/home/main/?un=%E6%9F%A0%E6%AA%AC%E5%BC%8FDe%E7%88%B1&ie=utf-8&id=tb.1.1f3ea15c.TdXb0qCMVIbE96_3tIne7A&fr=frs,2020-11-20 10:15
摄影吧,https://tieba.baidu.com/f?ie=utf-8&kw=%E6%91%84%E5%BD%B1%E5%90%A7,0,https://tieba.baidu.com/p/7101853182,有室内摄影的群聊吗？想要和各位大佬交流学习,平淡人生♋✆✆,5023200813,https://tieba.baidu.com/home/main/?un=&ie=utf-8&id=tb.1.688afcc7.QOlgy829aF9XNUiTQIgkRw&fr=frs,2020-11-20 20:19,nan,平淡人生♋✆✆,https://tieba.baidu.com/home/main/?un=&ie=utf-8&id=tb.1.688afcc7.QOlgy829aF9XNUiTQIgkRw&fr=frs,2020-11-20 20:19
摄影吧,https://tieba.baidu.com/f?ie=utf-8&kw=%E6%91%84%E5%BD%B1%E5%90%A7,0,https://tieba.baidu.com/p/7101842390,环球国际怎么注册账号？{tlgskf009},贴吧用户_7bD2MGP,2816006317,https://tieba.baidu.com/home/main/?un=%E7%94%B518488321463&ie=utf-8&id=tb.1.73b8a182._QTGwfuUer9-51RBBdh28A&fr=frs,2020-11-20 20:13,nan,贴吧用户_7bD2MGP,https://tieba.baidu.com/home/main/?un=%E7%94%B518488321463&ie=utf-8&id=tb.1.73b8a182._QTGwfuUer9-51RBBdh28A&fr=frs,2020-11-20 20:13
摄影吧,https://tieba.baidu.com/f?ie=utf-8&kw=%E6%91%84%E5%BD%B1%E5%90%A7,0,https://tieba.baidu.com/p/7101826319,靠谱不,威吼咪▫,4563899310,https://tieba.baidu.com/home/main/?un=%E5%AD%91%E5%B0%8F%E7%AC%91%E5%B7%9D&ie=utf-8&id=tb.1.7dc4093f.pdaDXaDdTv1YQENWiEB-bA&fr=frs,2020-11-20 20:04,nan,威吼咪▫,https://tieba.baidu.com/home/main/?un=%E5%AD%91%E5%B0%8F%E7%AC%91%E5%B7%9D&ie=utf-8&id=tb.1.7dc4093f.pdaDXaDdTv1YQENWiEB-bA&fr=frs,2020-11-20 20:04
摄影吧,https://tieba.baidu.com/f?ie=utf-8&kw=%E6%91%84%E5%BD%B1%E5%90%A7,32,https://tieba.baidu.com/p/7096683393,尼康D610配的适马501.4,凉凉x♋,3923790691,https://tieba.baidu.com/home/main/?un=%E5%87%89%E5%87%89Jsir&ie=utf-8&id=tb.1.762ef1cf.7QWZU7S0co38_ociJb_o6w&fr=frs,11-18,nan,-Zn,https://tieba.baidu.com/home/main/?un=%E5%8D%83%E9%B8%9F%E8%83%A1&ie=utf-8&id=tb.1.c12bfb63.sFcIZk1LTQZgrrxmdh7dtQ&fr=frs,2020-11-20 20:03
摄影吧,https://tieba.baidu.com/f?ie=utf-8&kw=%E6%91%84%E5%BD%B1%E5%90%A7,5,https://tieba.baidu.com/p/7099992298,刚练习单反半个月，求大佬点评，尼康D7100+50-1.8D,千王虚设,187817762,https://tieba.baidu.com/home/main/?un=%E5%8D%83%E7%8E%8B%E8%99%9A%E8%AE%BE&ie=utf-8&id=tb.1.27a2ac1c.FF6Gdx0Tbp5rbwINCqtbXg&fr=frs,11-19,nan,千王虚设,https://tieba.baidu.com/home/main/?un=%E5%8D%83%E7%8E%8B%E8%99%9A%E8%AE%BE&ie=utf-8&id=tb.1.27a2ac1c.FF6Gdx0Tbp5rbwINCqtbXg&fr=frs,2020-11-20 20:01
摄影吧,https://tieba.baidu.com/f?ie=utf-8&kw=%E6%91%84%E5%BD%B1%E5%90%A7,56,https://tieba.baidu.com/p/7094181754,18年买了个a6300+18-138偶尔拍一下,稻子💨,828412800,https://tieba.baidu.com/home/main/?un=%E7%BA%AFl%E5%B9%BC%E7%A8%9A&ie=utf-8&id=tb.1.327d8150.hXYRlPPNz72IUwWHPe8GQw&fr=frs,11-17,nan,千反田--,https://tieba.baidu.com/home/main/?un=%E8%AE%B0%E5%BD%95%E5%BE%80%E6%9D%A5&ie=utf-8&id=tb.1.9304bdb.GVtWZYLtflLGF6c8Vqu18g&fr=frs,2020-11-20 19:48
摄影吧,https://tieba.baidu.com/f?ie=utf-8&kw=%E6%91%84%E5%BD%B1%E5%90%A7,38,https://tieba.baidu.com/p/7065371893,广州天气真让人难顶出镜：挽希设备:Nikon Z6,叶千寒◆han,817868369,https://tieba.baidu.com/home/main/?un=time%E5%BB%BA%E9%94%AE&ie=utf-8&id=tb.1.99a57f64.N3doJ7dIxXjEShIi2R94nQ&fr=frs,11-4,nan,opphhh,https://tieba.baidu.com/home/main/?un=opphhh&ie=utf-8&id=tb.1.c2d4a4a6.WBJiDuURW1w9ZA45684r0w&fr=frs,2020-11-20 19:41
摄影吧,https://tieba.baidu.com/f?ie=utf-8&kw=%E6%91%84%E5%BD%B1%E5%90%A7,14,https://tieba.baidu.com/p/7097711080,第二次出门拍照。感觉比第一天强了。,是你呀º,809531305,https://tieba.baidu.com/home/main/?un=%E8%8A%B1%E5%BC%80%E8%8A%B1%E8%90%BD%E8%8A%B1%E4%B8%8D%E7%9C%A0&ie=utf-8&id=tb.1.ee98131f.QzxRpG79c828u7zCDjvpNA&fr=frs,11-18,nan,opphhh,https://tieba.baidu.com/home/main/?un=opphhh&ie=utf-8&id=tb.1.c2d4a4a6.WBJiDuURW1w9ZA45684r0w&fr=frs,2020-11-20 19:40
摄影吧,https://tieba.baidu.com/f?ie=utf-8&kw=%E6%91%84%E5%BD%B1%E5%90%A7,0,https://tieba.baidu.com/p/7101775911,拍着玩的,贴吧用户_7W7bQ1V,2754184565,https://tieba.baidu.com/home/main/?un=&ie=utf-8&id=tb.1.b1167575.jgjccH5HfX9T1h0YETToAg&fr=frs,2020-11-20 19:36,nan,贴吧用户_7W7bQ1V,https://tieba.baidu.com/home/main/?un=&ie=utf-8&id=tb.1.b1167575.jgjccH5HfX9T1h0YETToAg&fr=frs,2020-11-20 19:36
摄影吧,https://tieba.baidu.com/f?ie=utf-8&kw=%E6%91%84%E5%BD%B1%E5%90%A7,60,https://tieba.baidu.com/p/7098889477,新手入门拍成这样能去接单了吗,倾城日光墨初,915027672,https://tieba.baidu.com/home/main/?un=%E5%80%BE%E5%9F%8E%E6%97%A5%E5%85%89%E5%A2%A8%E5%88%9D&ie=utf-8&id=tb.1.84a5907c.iew0MOgAKP_8gThwZampPg&fr=frs,11-19,nan,千反田--,https://tieba.baidu.com/home/main/?un=%E8%AE%B0%E5%BD%95%E5%BE%80%E6%9D%A5&ie=utf-8&id=tb.1.9304bdb.GVtWZYLtflLGF6c8Vqu18g&fr=frs,2020-11-20 19:35
摄影吧,https://tieba.baidu.com/f?ie=utf-8&kw=%E6%91%84%E5%BD%B1%E5%90%A7,6,https://tieba.baidu.com/p/7073605523,秋景小记,sunny灵儿001,1596234640,https://tieba.baidu.com/home/main/?un=sunny%E7%81%B5%E5%84%BF001&ie=utf-8&id=tb.1.28b9df5d.d1JA_QX9K3RPFNO1FN2FPA&fr=frs,11-7,nan,sunny灵儿001,https://tieba.baidu.com/home/main/?un=sunny%E7%81%B5%E5%84%BF001&ie=utf-8&id=tb.1.28b9df5d.d1JA_QX9K3RPFNO1FN2FPA&fr=frs,2020-11-20 19:34
摄影吧,https://tieba.baidu.com/f?ie=utf-8&kw=%E6%91%84%E5%BD%B1%E5%90%A7,28,https://tieba.baidu.com/p/7065340140,想参加学校摄影比赛，兄弟们能不能帮忙挑一张比较能看的，谢谢。,柯萌可萌🐨🐨🐨,2859815196,https://tieba.baidu.com/home/main/?un=%E6%98%AF%E5%A4%9A%E5%A4%A7%E7%9A%84%E9%9A%8F%E6%97%B6&ie=utf-8&id=tb.1.ddde1548.BJDibFs7-WgOKtKPuUX4Qw&fr=frs,11-4,nan,96586👻,https://tieba.baidu.com/home/main/?un=abc13765103918&ie=utf-8&id=tb.1.3fadf4ea.KmnFdtZdCk4bjvBXCvAJxw&fr=frs,2020-11-20 19:17
摄影吧,https://tieba.baidu.com/f?ie=utf-8&kw=%E6%91%84%E5%BD%B1%E5%90%A7,9,https://tieba.baidu.com/p/7098202903,灯架的新用法,贴吧用户_QDKG3Ze,2073227767,https://tieba.baidu.com/home/main/?un=&ie=utf-8&id=tb.1.17c0179c.1ySV2oMG9PgIQ05QRuWwcg&fr=frs,11-19,nan,下次壹定💦,https://tieba.baidu.com/home/main/?un=%E7%BB%B4%E4%BB%96%E9%A3%8E%E6%B2%B9%E7%B2%BE&ie=utf-8&id=tb.1.c9cfdb02.PeZVgFi0gblbeqljVxQiOg&fr=frs,2020-11-20 19:04
摄影吧,https://tieba.baidu.com/f?ie=utf-8&kw=%E6%91%84%E5%BD%B1%E5%90%A7,154,https://tieba.baidu.com/p/7094311961,纯小白，大佬指点下,Teng😇,281233163,https://tieba.baidu.com/home/main/?un=qq804862807&ie=utf-8&id=tb.1.f43646f8.VR-p6ykS2TPXMWuxkkvrsw&fr=frs,11-17,nan,苏苏🍒🐭,https://tieba.baidu.com/home/main/?un=%E8%8B%8F%E9%AB%98%E5%B3%B015&ie=utf-8&id=tb.1.4e89d913.Cts0o1N30FE4Wzx8fMCzyw&fr=frs,2020-11-20 18:34
摄影吧,https://tieba.baidu.com/f?ie=utf-8&kw=%E6%91%84%E5%BD%B1%E5%90%A7,0,https://tieba.baidu.com/p/7101649394,老师们，婚纱摄影给的1兆多点jpg底片是不是压缩的有点严重呀,小奶猫找主人😍,1082625354,https://tieba.baidu.com/home/main/?un=%E5%A0%A4%E9%92%93%E6%B6%9B&ie=utf-8&id=tb.1.a0a84535.XJFJzwLLbRalYP2QqwBcZg&fr=frs,2020-11-20 18:28,nan,小奶猫找主人😍,https://tieba.baidu.com/home/main/?un=%E5%A0%A4%E9%92%93%E6%B6%9B&ie=utf-8&id=tb.1.a0a84535.XJFJzwLLbRalYP2QqwBcZg&fr=frs,2020-11-20 18:28
摄影吧,https://tieba.baidu.com/f?ie=utf-8&kw=%E6%91%84%E5%BD%B1%E5%90%A7,0,https://tieba.baidu.com/p/7100554452,有兴趣？PS修图P图，视频剪辑，电商美工，AE后期，AI ，摄影后期,904394049,121457760,https://tieba.baidu.com/home/main/?un=904394049&ie=utf-8&id=tb.1.6c008194.k61BR6YMBz-binSxVboZWg&fr=frs,2020-11-20 09:54,nan,904394049,https://tieba.baidu.com/home/main/?un=904394049&ie=utf-8&id=tb.1.6c008194.k61BR6YMBz-binSxVboZWg&fr=frs,2020-11-20 09:54
摄影吧,https://tieba.baidu.com/f?ie=utf-8&kw=%E6%91%84%E5%BD%B1%E5%90%A7,0,https://tieba.baidu.com/p/7101635719,想買一個二手的攝影機但不是很懂…想這樣的可以麽？問一下吧中大,贴吧用户_QbAW7M4,1720257225,https://tieba.baidu.com/home/main/?un=&ie=utf-8&id=tb.1.a58496a3.7J6yi0dB-yBtkid6y3JjkA&fr=frs,2020-11-20 18:21,nan,贴吧用户_QbAW7M4,https://tieba.baidu.com/home/main/?un=&ie=utf-8&id=tb.1.a58496a3.7J6yi0dB-yBtkid6y3JjkA&fr=frs,2020-11-20 18:21
摄影吧,https://tieba.baidu.com/f?ie=utf-8&kw=%E6%91%84%E5%BD%B1%E5%90%A7,23,https://tieba.baidu.com/p/7092496684,"玩摄影很久了,总感觉拍的越来越不好总是拍不到一张非常满意的照片",东风无能-▫,1097148380,https://tieba.baidu.com/home/main/?un=&ie=utf-8&id=tb.1.14710c77.H5BQ-5m8ycR6sqWqUIq-iQ&fr=frs,11-16,nan,东风无能-▫,https://tieba.baidu.com/home/main/?un=&ie=utf-8&id=tb.1.14710c77.H5BQ-5m8ycR6sqWqUIq-iQ&fr=frs,2020-11-20 18:17
摄影吧,https://tieba.baidu.com/f?ie=utf-8&kw=%E6%91%84%E5%BD%B1%E5%90%A7,0,https://tieba.baidu.com/p/7099958521,产品免费拍摄,阿豆爱摄影☜,3890131203,https://tieba.baidu.com/home/main/?un=%E5%A4%A7%E5%A4%A7%E5%80%9F%E5%80%9F&ie=utf-8&id=tb.1.41b7876d.5uwTo_cyTb_kXc93sw3Sfw&fr=frs,11-19,nan,阿豆爱摄影☜,https://tieba.baidu.com/home/main/?un=%E5%A4%A7%E5%A4%A7%E5%80%9F%E5%80%9F&ie=utf-8&id=tb.1.41b7876d.5uwTo_cyTb_kXc93sw3Sfw&fr=frs,11-19
摄影吧,https://tieba.baidu.com/f?ie=utf-8&kw=%E6%91%84%E5%BD%B1%E5%90%A7,8,https://tieba.baidu.com/p/7100920701,第二次拍，请问下有什么需要改进的地方呢，谢谢各位daolao,铃之雫Ω,954635920,https://tieba.baidu.com/home/main/?un=%E9%9D%9E%E7%8F%BE%E5%85%85&ie=utf-8&id=tb.1.49c58140.ZA0yxhURPonNCaZgXqqtsw&fr=frs,2020-11-20 12:54,nan,铃之雫Ω,https://tieba.baidu.com/home/main/?un=%E9%9D%9E%E7%8F%BE%E5%85%85&ie=utf-8&id=tb.1.49c58140.ZA0yxhURPonNCaZgXqqtsw&fr=frs,2020-11-20 18:01
摄影吧,https://tieba.baidu.com/f?ie=utf-8&kw=%E6%91%84%E5%BD%B1%E5%90%A7,1,https://tieba.baidu.com/p/7101593123,我发表了一篇视频贴，大伙来看看吧~,戒不掉的习惯99,736011999,https://tieba.baidu.com/home/main/?un=%E6%88%92%E4%B8%8D%E6%8E%89%E7%9A%84%E4%B9%A0%E6%83%AF99&ie=utf-8&id=tb.1.23d7896d.9K8-LzIzJByqGzRZoUpCrw&fr=frs,2020-11-20 18:00,nan,戒不掉的习惯99,https://tieba.baidu.com/home/main/?un=%E6%88%92%E4%B8%8D%E6%8E%89%E7%9A%84%E4%B9%A0%E6%83%AF99&ie=utf-8&id=tb.1.23d7896d.9K8-LzIzJByqGzRZoUpCrw&fr=frs,2020-11-20 18:01
摄影吧,https://tieba.baidu.com/f?ie=utf-8&kw=%E6%91%84%E5%BD%B1%E5%90%A7,0,https://tieba.baidu.com/p/7101586540,大佬们小弟想购入人生中第一台相机,花都柭德鸟🌌,1925923155,https://tieba.baidu.com/home/main/?un=%E6%97%8B%E9%A3%8E%E7%8C%AA%E7%9A%AE%E5%B0%8F%E6%AC%A1%E6%9C%97&ie=utf-8&id=tb.1.d64c38be.Rex55I1SD3C3v5IIwHK7ng&fr=frs,2020-11-20 17:57,nan,花都柭德鸟🌌,https://tieba.baidu.com/home/main/?un=%E6%97%8B%E9%A3%8E%E7%8C%AA%E7%9A%AE%E5%B0%8F%E6%AC%A1%E6%9C%97&ie=utf-8&id=tb.1.d64c38be.Rex55I1SD3C3v5IIwHK7ng&fr=frs,2020-11-20 17:57
摄影吧,https://tieba.baidu.com/f?ie=utf-8&kw=%E6%91%84%E5%BD%B1%E5%90%A7,0,https://tieba.baidu.com/p/7100377444,我们总是在寻找美，殊不知美丽就在我们身边。——2020.11,是文轩阿,4989732671,https://tieba.baidu.com/home/main/?un=%E6%98%AF%E6%96%87%E8%BD%A9%E9%98%BF&ie=utf-8&id=tb.1.cac11948.xGTSKHuAlEYziGeSGkh6lw&fr=frs,2020-11-20 07:55,nan,是文轩阿,https://tieba.baidu.com/home/main/?un=%E6%98%AF%E6%96%87%E8%BD%A9%E9%98%BF&ie=utf-8&id=tb.1.cac11948.xGTSKHuAlEYziGeSGkh6lw&fr=frs,2020-11-20 07:55
